"Bundesland";"Datum";"R_eff";"R_eff_lwr";"R_eff_upr"
"Burgenland";2020-03-12;NA;NA;NA
"Burgenland";2020-03-13;NA;NA;NA
"Burgenland";2020-03-14;NA;NA;NA
"Burgenland";2020-03-15;NA;NA;NA
"Burgenland";2020-03-16;NA;NA;NA
"Burgenland";2020-03-17;NA;NA;NA
"Burgenland";2020-03-18;NA;NA;NA
"Burgenland";2020-03-19;2,45465555590678;1,64392135013252;3,42532759129121
"Burgenland";2020-03-20;2,16365639147582;1,47993937007444;2,97516449118707
"Burgenland";2020-03-21;2,79668762720573;2,08231763357821;3,61478821825122
"Burgenland";2020-03-22;2,67729426950371;2,05266616457151;3,38362719462573
"Burgenland";2020-03-23;2,83874265462744;2,26748680721682;3,47320884399766
"Burgenland";2020-03-24;2,16730999113747;1,73117024329153;2,6517092758065
"Burgenland";2020-03-25;1,71580446584049;1,37052366607273;2,09929111947275
"Burgenland";2020-03-26;1,96607614116356;1,62460675734584;2,33963202523639
"Burgenland";2020-03-27;2,0212104918806;1,7002793872244;2,36947602188267
"Burgenland";2020-03-28;1,8537579890011;1,57077420369247;2,15983335120354
"Burgenland";2020-03-29;1,76154193713872;1,50668952026772;2,03601485387753
"Burgenland";2020-03-30;1,56183489320668;1,3389999728584;1,8015690991938
"Burgenland";2020-03-31;1,34402280100154;1,15012223370181;1,55280592710792
"Burgenland";2020-04-01;1,25614760737473;1,07741673064257;1,44839299398717
"Burgenland";2020-04-02;1,19057539862695;1,02254516537709;1,37120008030736
"Burgenland";2020-04-03;1,06052880253595;0,90622161736795;1,22678898968148
"Burgenland";2020-04-04;1,04483834741486;0,894100764578264;1,20714557634472
"Burgenland";2020-04-05;0,912058684315013;0,772829172996685;1,06264937296365
"Burgenland";2020-04-06;0,929606243372894;0,78902070464887;1,08154752297023
"Burgenland";2020-04-07;0,952422515353931;0,809268839378207;1,10706250628869
"Burgenland";2020-04-08;0,812055169356365;0,679439844862647;0,956317772022319
"Burgenland";2020-04-09;0,700313397457646;0,576107629494865;0,836462820490366
"Burgenland";2020-04-10;0,694169363254398;0,567761765603444;0,83309187138324
"Burgenland";2020-04-11;0,634453862126459;0,510175828025532;0,772075070903828
"Burgenland";2020-04-12;0,678770227627463;0,545108229295493;0,826867681084944
"Burgenland";2020-04-13;0,730454007368623;0,585845473639007;0,890773543103143
"Burgenland";2020-04-14;0,719548906248615;0,570557532028764;0,88556297054297
"Burgenland";2020-04-15;0,727276121432998;0,572048805009167;0,900854856382907
"Burgenland";2020-04-16;0,78172536133248;0,614876586233145;0,968299477131844
"Burgenland";2020-04-17;0,768080023998977;0,597612104776135;0,959612501289041
"Burgenland";2020-04-18;0,816399249159166;0,635207346088088;1,01998086274558
"Burgenland";2020-04-19;0,837629826448285;0,649151610279203;1,04976498636559
"Burgenland";2020-04-20;0,918336333822445;0,715888224587462;1,14561035659632
"Burgenland";2020-04-21;0,871061791152331;0,670823720056861;1,09705288349405
"Burgenland";2020-04-22;0,898954714421633;0,692304669790657;1,13218243711755
"Burgenland";2020-04-23;0,853210646563588;0,649503475708355;1,08427816245773
"Burgenland";2020-04-24;0,82060943619238;0,618195331045344;1,05124972132044
"Burgenland";2020-04-25;0,743508201952902;0,548204254707177;0,968110200867197
"Burgenland";2020-04-26;0,73217181485261;0,534051145887761;0,961064120614875
"Burgenland";2020-04-27;0,742935920648108;0,53766640955976;0,980879269589467
"Burgenland";2020-04-28;0,774635962996892;0,558289466116738;1,02586017295543
"Burgenland";2020-04-29;0,707990224237035;0,495867649049669;0,957291820197703
"Burgenland";2020-04-30;0,631165786741836;0,425844905869084;0,876244041626945
"Burgenland";2020-05-01;0,615066897523303;0,405332961112921;0,867837160769657
"Burgenland";2020-05-02;0,624528896589891;0,40416217290815;0,892079513893761
"Burgenland";2020-05-03;0,524302728719792;0,315664492471645;0,785012543906917
"Burgenland";2020-05-04;0,524684209419378;0,30564788720506;0,801933444283639
"Burgenland";2020-05-05;0,524423978193405;0,293516119614932;0,821234703664591
"Burgenland";2020-05-06;0,558919114436069;0,305566280856096;0,887499514295755
"Burgenland";2020-05-07;NA;NA;NA
"Burgenland";2020-05-08;NA;NA;NA
"Burgenland";2020-05-09;NA;NA;NA
"Burgenland";2020-05-10;NA;NA;NA
"Burgenland";2020-05-11;NA;NA;NA
"Burgenland";2020-05-12;NA;NA;NA
"Burgenland";2020-05-13;NA;NA;NA
"Burgenland";2020-05-14;NA;NA;NA
"Burgenland";2020-05-15;NA;NA;NA
"Burgenland";2020-05-16;NA;NA;NA
"Burgenland";2020-05-17;NA;NA;NA
"Burgenland";2020-05-18;NA;NA;NA
"Burgenland";2020-05-19;NA;NA;NA
"Burgenland";2020-05-20;NA;NA;NA
"Burgenland";2020-05-21;NA;NA;NA
"Burgenland";2020-05-22;NA;NA;NA
"Burgenland";2020-05-23;NA;NA;NA
"Burgenland";2020-05-24;NA;NA;NA
"Burgenland";2020-05-25;NA;NA;NA
"Burgenland";2020-05-26;NA;NA;NA
"Burgenland";2020-05-27;NA;NA;NA
"Burgenland";2020-05-28;NA;NA;NA
"Burgenland";2020-05-29;NA;NA;NA
"Burgenland";2020-05-30;NA;NA;NA
"Burgenland";2020-05-31;NA;NA;NA
"Burgenland";2020-06-01;NA;NA;NA
"Burgenland";2020-06-02;NA;NA;NA
"Burgenland";2020-06-03;NA;NA;NA
"Burgenland";2020-06-04;NA;NA;NA
"Burgenland";2020-06-05;NA;NA;NA
"Burgenland";2020-06-06;NA;NA;NA
"Burgenland";2020-06-07;NA;NA;NA
"Burgenland";2020-06-08;NA;NA;NA
"Burgenland";2020-06-09;NA;NA;NA
"Burgenland";2020-06-10;NA;NA;NA
"Burgenland";2020-06-11;NA;NA;NA
"Burgenland";2020-06-12;NA;NA;NA
"Kärnten";2020-03-12;NA;NA;NA
"Kärnten";2020-03-13;NA;NA;NA
"Kärnten";2020-03-14;NA;NA;NA
"Kärnten";2020-03-15;NA;NA;NA
"Kärnten";2020-03-16;NA;NA;NA
"Kärnten";2020-03-17;NA;NA;NA
"Kärnten";2020-03-18;5,13538714042169;3,82363303421024;6,6376154243234
"Kärnten";2020-03-19;4,46331997373935;3,5046661697477;5,53611754215042
"Kärnten";2020-03-20;3,06144868393169;2,42753840686578;3,76778502081509
"Kärnten";2020-03-21;2,8083570525388;2,29695783622472;3,3703870499892
"Kärnten";2020-03-22;2,36425444065723;1,95858877316398;2,80753277180198
"Kärnten";2020-03-23;2,18139992838019;1,83621036243375;2,55588116970394
"Kärnten";2020-03-24;2,04429972862977;1,74339329974642;2,36880876441182
"Kärnten";2020-03-25;1,81929648876477;1,56114194893921;2,09691374767377
"Kärnten";2020-03-26;1,73043429201904;1,49834995271025;1,97898488952997
"Kärnten";2020-03-27;1,62997641897517;1,42030608446148;1,85387094324998
"Kärnten";2020-03-28;1,55042582362264;1,35851867904274;1,75482692906724
"Kärnten";2020-03-29;1,43442710905176;1,26007518032901;1,61991199615361
"Kärnten";2020-03-30;1,28832136590829;1,13110374020309;1,4556205973586
"Kärnten";2020-03-31;1,201240636684;1,05523208696797;1,35657232448567
"Kärnten";2020-04-01;1,0963886827911;0,960959176139034;1,24061590904493
"Kärnten";2020-04-02;1,06856431329258;0,937375347522989;1,20822013180557
"Kärnten";2020-04-03;0,969008828395509;0,845724589088195;1,10055884998199
"Kärnten";2020-04-04;0,92578216289924;0,8058924079537;1,0538640879359
"Kärnten";2020-04-05;0,861060842098425;0,745295468925003;0,985061160942562
"Kärnten";2020-04-06;0,802196805303532;0,689583110359058;0,923202772579818
"Kärnten";2020-04-07;0,806277187779604;0,691556093049212;0,92967277343488
"Kärnten";2020-04-08;0,807533719115988;0,690371707291468;0,933743445090325
"Kärnten";2020-04-09;0,795421825501418;0,676589498893856;0,923726412161611
"Kärnten";2020-04-10;0,776887806363208;0,656768441055608;0,906945999144311
"Kärnten";2020-04-11;0,729270238307932;0,610174377649263;0,858825995841635
"Kärnten";2020-04-12;0,72582073514382;0,603700135114458;0,859023004160062
"Kärnten";2020-04-13;0,667681522803506;0,547181120883726;0,799994450908403
"Kärnten";2020-04-14;0,630709986911992;0,509677870327709;0,764442532189086
"Kärnten";2020-04-15;0,627163322032804;0,501649704290157;0,766479751173096
"Kärnten";2020-04-16;0,623301233173237;0,492693759460593;0,769032166009726
"Kärnten";2020-04-17;0,642253071731241;0,503423884609621;0,797731842437737
"Kärnten";2020-04-18;0,6493971828627;0,503273896959454;0,813861210869628
"Kärnten";2020-04-19;0,628946235240213;0,478783015035617;0,799278198153782
"Kärnten";2020-04-20;0,609885639075002;0,455491766565881;0,786466078873381
"Kärnten";2020-04-21;0,479001578463921;0,337261316185453;0,645217385126565
"Kärnten";2020-04-22;0,40631190639179;0,269991311042124;0,570049545471174
"Kärnten";2020-04-23;0,316486468361643;0,190545528255135;0,473859535782558
"Kärnten";2020-04-24;NA;NA;NA
"Kärnten";2020-04-25;NA;NA;NA
"Kärnten";2020-04-26;NA;NA;NA
"Kärnten";2020-04-27;NA;NA;NA
"Kärnten";2020-04-28;NA;NA;NA
"Kärnten";2020-04-29;NA;NA;NA
"Kärnten";2020-04-30;NA;NA;NA
"Kärnten";2020-05-01;NA;NA;NA
"Kärnten";2020-05-02;NA;NA;NA
"Kärnten";2020-05-03;NA;NA;NA
"Kärnten";2020-05-04;NA;NA;NA
"Kärnten";2020-05-05;NA;NA;NA
"Kärnten";2020-05-06;NA;NA;NA
"Kärnten";2020-05-07;NA;NA;NA
"Kärnten";2020-05-08;NA;NA;NA
"Kärnten";2020-05-09;NA;NA;NA
"Kärnten";2020-05-10;NA;NA;NA
"Kärnten";2020-05-11;NA;NA;NA
"Kärnten";2020-05-12;NA;NA;NA
"Kärnten";2020-05-13;NA;NA;NA
"Kärnten";2020-05-14;NA;NA;NA
"Kärnten";2020-05-15;NA;NA;NA
"Kärnten";2020-05-16;NA;NA;NA
"Kärnten";2020-05-17;NA;NA;NA
"Kärnten";2020-05-18;NA;NA;NA
"Kärnten";2020-05-19;NA;NA;NA
"Kärnten";2020-05-20;NA;NA;NA
"Kärnten";2020-05-21;NA;NA;NA
"Kärnten";2020-05-22;NA;NA;NA
"Kärnten";2020-05-23;NA;NA;NA
"Kärnten";2020-05-24;NA;NA;NA
"Kärnten";2020-05-25;NA;NA;NA
"Kärnten";2020-05-26;NA;NA;NA
"Kärnten";2020-05-27;NA;NA;NA
"Kärnten";2020-05-28;NA;NA;NA
"Kärnten";2020-05-29;NA;NA;NA
"Kärnten";2020-05-30;NA;NA;NA
"Kärnten";2020-05-31;NA;NA;NA
"Kärnten";2020-06-01;NA;NA;NA
"Kärnten";2020-06-02;NA;NA;NA
"Kärnten";2020-06-03;NA;NA;NA
"Kärnten";2020-06-04;NA;NA;NA
"Kärnten";2020-06-05;NA;NA;NA
"Kärnten";2020-06-06;NA;NA;NA
"Kärnten";2020-06-07;NA;NA;NA
"Kärnten";2020-06-08;NA;NA;NA
"Kärnten";2020-06-09;NA;NA;NA
"Kärnten";2020-06-10;NA;NA;NA
"Kärnten";2020-06-11;NA;NA;NA
"Kärnten";2020-06-12;NA;NA;NA
"Niederösterreich";2020-03-12;1,72942967869228;1,30639259355521;2,21089240038901
"Niederösterreich";2020-03-13;2,11638523549694;1,67816186822196;2,60467687419761
"Niederösterreich";2020-03-14;2,48841580279139;2,04707682952818;2,97219403271743
"Niederösterreich";2020-03-15;2,78710924126193;2,3629799862385;3,24572967637772
"Niederösterreich";2020-03-16;2,32408746843281;1,9819982675467;2,69300958532796
"Niederösterreich";2020-03-17;2,63035869712831;2,30544821030788;2,97637589421728
"Niederösterreich";2020-03-18;2,46182000214349;2,18284648809909;2,75732631617701
"Niederösterreich";2020-03-19;2,15190958845646;1,92044898485824;2,3963493019932
"Niederösterreich";2020-03-20;2,10183596506526;1,8960590994863;2,31806104104259
"Niederösterreich";2020-03-21;1,97402069537858;1,79305361051929;2,16356296797564
"Niederösterreich";2020-03-22;2,06881735311647;1,89920751882226;2,24557765887182
"Niederösterreich";2020-03-23;1,93561427288338;1,78551900634171;2,09168057506978
"Niederösterreich";2020-03-24;1,95267361847009;1,81422400560718;2,09614168463646
"Niederösterreich";2020-03-25;1,99978513313969;1,87082858915822;2,13297870167604
"Niederösterreich";2020-03-26;1,99904132838447;1,88055049944496;2,12110099713817
"Niederösterreich";2020-03-27;1,90292354956068;1,79685433071248;2,01199152347104
"Niederösterreich";2020-03-28;1,6873818756099;1,59552262413748;1,78177580995758
"Niederösterreich";2020-03-29;1,57792778431313;1,49537927994544;1,66266277048404
"Niederösterreich";2020-03-30;1,43609218341811;1,36212886216773;1,51198339921957
"Niederösterreich";2020-03-31;1,32547442000364;1,25800567417149;1,39468069457218
"Niederösterreich";2020-04-01;1,24278865311384;1,18010409184014;1,30707247174816
"Niederösterreich";2020-04-02;1,17837279041433;1,11927318459441;1,23897144975632
"Niederösterreich";2020-04-03;1,1310961076717;1,07461049055554;1,18900818245603
"Niederösterreich";2020-04-04;1,02699695092705;0,974195577661882;1,08117215721189
"Niederösterreich";2020-04-05;0,972163312102974;0,92137832798123;1,02429146039405
"Niederösterreich";2020-04-06;0,94316987331892;0,893340475289639;0,994332522353308
"Niederösterreich";2020-04-07;0,881990261732413;0,833729728074564;0,931589467711303
"Niederösterreich";2020-04-08;0,794421613045041;0,748307198427344;0,841895358972889
"Niederösterreich";2020-04-09;0,714702877679485;0,670337936248122;0,760469232214999
"Niederösterreich";2020-04-10;0,734938955896228;0,688845881817302;0,782503587410681
"Niederösterreich";2020-04-11;0,726033469994655;0,678850323074114;0,774779363570252
"Niederösterreich";2020-04-12;0,683339927613604;0,63610049562734;0,732247316883297
"Niederösterreich";2020-04-13;0,667523868729468;0,619186053249501;0,717652570254944
"Niederösterreich";2020-04-14;0,688675006488556;0,637657930408511;0,741627426598264
"Niederösterreich";2020-04-15;0,676237714476191;0,623673562585739;0,730898184287084
"Niederösterreich";2020-04-16;0,663572449379854;0,609411402768701;0,720006272943927
"Niederösterreich";2020-04-17;0,71171445942226;0,653260811497601;0,772637021692741
"Niederösterreich";2020-04-18;0,742870313833023;0,680733805244143;0,807681786526057
"Niederösterreich";2020-04-19;0,654998435195709;0,594612996291836;0,718262204102385
"Niederösterreich";2020-04-20;0,622854441111903;0,561796771941973;0,687016461274746
"Niederösterreich";2020-04-21;0,613689399101754;0,550544157369087;0,680213339112983
"Niederösterreich";2020-04-22;0,649971537702375;0,58192839830243;0,721722442087347
"Niederösterreich";2020-04-23;0,553023529313815;0,487471935309647;0,622650229294289
"Niederösterreich";2020-04-24;0,519363881344324;0,452704133762657;0,590535138283271
"Niederösterreich";2020-04-25;0,547417616727872;0,475042078620255;0,624849799118478
"Niederösterreich";2020-04-26;0,584649019791476;0,505269339576185;0,669735364237431
"Niederösterreich";2020-04-27;0,570488569862674;0,487482351478479;0,65992464756556
"Niederösterreich";2020-04-28;0,568624227705957;0,480988755070176;0,663485386214818
"Niederösterreich";2020-04-29;0,642755663432141;0,544011944559864;0,749612654435801
"Niederösterreich";2020-04-30;0,635441230590079;0,532041663343465;0,74788641873662
"Niederösterreich";2020-05-01;0,708524985464548;0,5936448126384;0,833415911773229
"Niederösterreich";2020-05-02;0,752691808973028;0,628872030283502;0,887473416589937
"Niederösterreich";2020-05-03;0,706964958369535;0,582639186020667;0,843134563173368
"Niederösterreich";2020-05-04;0,69269426064731;0,565399506533497;0,83271965220969
"Niederösterreich";2020-05-05;0,702347488764316;0,569556499598907;0,848844366124889
"Niederösterreich";2020-05-06;0,788665597163545;0,642381081691713;0,949731365914765
"Niederösterreich";2020-05-07;0,777577177304268;0,627605137392761;0,943375301732852
"Niederösterreich";2020-05-08;0,870825032591097;0,706977854956668;1,05149256011486
"Niederösterreich";2020-05-09;0,952081779740001;0,776308910079996;1,1455238488382
"Niederösterreich";2020-05-10;0,915653071705074;0,74081801456587;1,10873243718714
"Niederösterreich";2020-05-11;0,907368775905586;0,731467298287173;1,10193857394358
"Niederösterreich";2020-05-12;0,826439534342708;0,65729188744424;1,01466218827191
"Niederösterreich";2020-05-13;0,85094969301811;0,676785544012988;1,04475456672553
"Niederösterreich";2020-05-14;0,924324835405976;0,739340557809602;1,12965195022682
"Niederösterreich";2020-05-15;1,09715240297121;0,891711334251584;1,32357152597406
"Niederösterreich";2020-05-16;1,14148664408418;0,930745941574317;1,37341161416385
"Niederösterreich";2020-05-17;1,12787299979547;0,919645641594972;1,35703197689511
"Niederösterreich";2020-05-18;1,10282901559044;0,899225265429834;1,3268996061395
"Niederösterreich";2020-05-19;1,01393216415357;0,821288308267481;1,22656824690475
"Niederösterreich";2020-05-20;1,00955022802507;0,818677226361074;1,22012399430211
"Niederösterreich";2020-05-21;0,972277065966563;0,785698838822189;1,1784337615072
"Niederösterreich";2020-05-22;0,942218930575254;0,758615908077818;1,14542014085971
"Niederösterreich";2020-05-23;0,981251525052308;0,792951115286941;1,1893111193593
"Niederösterreich";2020-05-24;1,03262088338252;0,838331547435003;1,24685572377867
"Niederösterreich";2020-05-25;1,01513097028265;0,822259345080888;1,2280184598323
"Niederösterreich";2020-05-26;1,00414093470114;0,812409979911274;1,21587931085887
"Niederösterreich";2020-05-27;0,982465817984458;0,792976713665234;1,19195112014023
"Niederösterreich";2020-05-28;0,846852728308002;0,671501545564567;1,04223828454231
"Niederösterreich";2020-05-29;0,817293840225662;0,643934588348761;1,01100484137823
"Niederösterreich";2020-05-30;0,80998444504082;0,63489850612416;1,00606818733708
"Niederösterreich";2020-05-31;0,693707622962834;0,529371997840716;0,879918419769196
"Niederösterreich";2020-06-01;0,684751107494723;0,517253627760256;0,875381658109854
"Niederösterreich";2020-06-02;0,668760213493011;0,497935905192027;0,864389185639958
"Niederösterreich";2020-06-03;0,624507208393748;0,453767893656322;0,82208876790738
"Niederösterreich";2020-06-04;0,682198592701425;0,495686541812111;0,898032549511365
"Niederösterreich";2020-06-05;0,780474523914303;0,57140544373168;1,0216333554904
"Niederösterreich";2020-06-06;0,697611630788774;0,493671509682809;0,936261377960267
"Niederösterreich";2020-06-07;0,711854102708467;0,498573862028679;0,962516269813411
"Niederösterreich";2020-06-08;0,788640370474083;0,555275600961525;1,06230229819767
"Niederösterreich";2020-06-09;0,616570087617094;0,406323572856595;0,869958107659086
"Niederösterreich";2020-06-10;0,69071637478813;0,458976014863537;0,969064773400464
"Niederösterreich";2020-06-11;0,885610451895935;0,609613485537862;1,21233233091536
"Niederösterreich";2020-06-12;1,23471456440284;0,893569052489059;1,63016201858487
"Oberösterreich";2020-03-12;NA;NA;NA
"Oberösterreich";2020-03-13;NA;NA;NA
"Oberösterreich";2020-03-14;NA;NA;NA
"Oberösterreich";2020-03-15;NA;NA;NA
"Oberösterreich";2020-03-16;NA;NA;NA
"Oberösterreich";2020-03-17;NA;NA;NA
"Oberösterreich";2020-03-18;NA;NA;NA
"Oberösterreich";2020-03-19;2,13507962093948;1,93094624170923;2,34932241577025
"Oberösterreich";2020-03-20;2,17710285255496;1,9909768891832;2,37142664657128
"Oberösterreich";2020-03-21;2,11563682556985;1,94930996178949;2,28867588420833
"Oberösterreich";2020-03-22;1,99208118414398;1,84546460921759;2,14422223000184
"Oberösterreich";2020-03-23;1,79903189812795;1,67181431426945;1,93084811339514
"Oberösterreich";2020-03-24;1,69383490629361;1,57993746685125;1,8116402145589
"Oberösterreich";2020-03-25;1,7245993299475;1,61743618581747;1,83515114098725
"Oberösterreich";2020-03-26;1,68691815459459;1,58775294685758;1,78904473950913
"Oberösterreich";2020-03-27;1,57036097224358;1,48070804924487;1,66261176176582
"Oberösterreich";2020-03-28;1,46652716148774;1,38491647796156;1,55044123253885
"Oberösterreich";2020-03-29;1,40929067176759;1,33333856784716;1,4873169624981
"Oberösterreich";2020-03-30;1,29658051287892;1,22696898917575;1,36808562478362
"Oberösterreich";2020-03-31;1,21166289811709;1,14685640528741;1,27822542296985
"Oberösterreich";2020-04-01;1,18450386774961;1,12226703000097;1,24839656789612
"Oberösterreich";2020-04-02;1,09622491699447;1,03774694018;1,15628316142645
"Oberösterreich";2020-04-03;1,03458425345083;0,978740871598542;1,09195507815301
"Oberösterreich";2020-04-04;0,980560088645117;0,926757049571784;1,03585980225113
"Oberösterreich";2020-04-05;0,94503661193697;0,892424819275599;0,999133949464413
"Oberösterreich";2020-04-06;0,876584352735835;0,825858315432193;0,928800885270449
"Oberösterreich";2020-04-07;0,78860924695559;0,740171890515706;0,838560036295012
"Oberösterreich";2020-04-08;0,727095019459526;0,679895591877109;0,775855930088276
"Oberösterreich";2020-04-09;0,693126130588751;0,645950592512451;0,741940713603568
"Oberösterreich";2020-04-10;0,659878463495598;0,61242289885189;0,709079679071507
"Oberösterreich";2020-04-11;0,604834477199182;0,557744947043896;0,653805134053633
"Oberösterreich";2020-04-12;0,601357553295186;0,552361146918231;0,652406225399696
"Oberösterreich";2020-04-13;0,593145183194065;0,542137413037436;0,646413387443975
"Oberösterreich";2020-04-14;0,539483382456588;0,488399282076439;0,593071811990154
"Oberösterreich";2020-04-15;0,534629384535655;0,480967274048104;0,591088595129865
"Oberösterreich";2020-04-16;0,503740133497325;0,448611200133794;0,562017618666572
"Oberösterreich";2020-04-17;0,518617906166542;0,459127607131039;0,58167970978037
"Oberösterreich";2020-04-18;0,520041510102068;0,456579323065564;0,587573220174261
"Oberösterreich";2020-04-19;0,563953672371803;0,493419887977419;0,63913078842289
"Oberösterreich";2020-04-20;0,57405535732115;0,498335828259538;0,65505185840154
"Oberösterreich";2020-04-21;0,535096071167505;0,457680640901495;0,618471536884424
"Oberösterreich";2020-04-22;0,486727397757804;0,408639747545071;0,5715415109146
"Oberösterreich";2020-04-23;0,500658254249344;0,416421632920983;0,592538814060727
"Oberösterreich";2020-04-24;0,563327429847094;0,467809383169711;0,667587146389611
"Oberösterreich";2020-04-25;0,621333239847085;0,514293945513579;0,73834097374979
"Oberösterreich";2020-04-26;0,641075078374285;0,525886312420912;0,767500706775805
"Oberösterreich";2020-04-27;0,654253397059693;0,53174487705701;0,789271540375719
"Oberösterreich";2020-04-28;0,583208738085003;0,462448258026283;0,717766447923311
"Oberösterreich";2020-04-29;0,612056735098406;0,482231092862339;0,757123438262777
"Oberösterreich";2020-04-30;0,517530604907163;0,392982686046536;0,658960221152357
"Oberösterreich";2020-05-01;0,539012036294395;0,404922430982972;0,691984699567042
"Oberösterreich";2020-05-02;0,563276159796422;0,418074422807636;0,72978733609465
"Oberösterreich";2020-05-03;0,560554971955607;0,407300100758006;0,73790332608746
"Oberösterreich";2020-05-04;0,575910336989674;0,41143878819263;0,767606179688373
"Oberösterreich";2020-05-05;0,60083322092012;0,423042035780531;0,809325182063991
"Oberösterreich";2020-05-06;0,547132679167834;0,369148121067955;0,759581333733316
"Oberösterreich";2020-05-07;0,471727816734887;0,299034970526987;0,68314934080726
"Oberösterreich";2020-05-08;0,536596375970548;0,340156072592642;0,777091041739141
"Oberösterreich";2020-05-09;0,587393390034163;0,368116310258132;0,857079865862375
"Oberösterreich";2020-05-10;0,547425709024408;0,324439169196701;0,827788168437924
"Oberösterreich";2020-05-11;0,51818804678166;0,290025916141655;0,811469392584347
"Oberösterreich";2020-05-12;NA;NA;NA
"Oberösterreich";2020-05-13;NA;NA;NA
"Oberösterreich";2020-05-14;NA;NA;NA
"Oberösterreich";2020-05-15;NA;NA;NA
"Oberösterreich";2020-05-16;NA;NA;NA
"Oberösterreich";2020-05-17;NA;NA;NA
"Oberösterreich";2020-05-18;NA;NA;NA
"Oberösterreich";2020-05-19;1,26395156925695;0,707424098469969;1,97931623187969
"Oberösterreich";2020-05-20;1,3744210428042;0,785600380548577;2,12521733878448
"Oberösterreich";2020-05-21;1,33581858716293;0,763535741768006;2,06552776368812
"Oberösterreich";2020-05-22;1,34956046938079;0,786168706274151;2,06268390786379
"Oberösterreich";2020-05-23;1,19971427979744;0,68574037024017;1,85507461658974
"Oberösterreich";2020-05-24;1,21584524183233;0,708274658666811;1,85831199985501
"Oberösterreich";2020-05-25;1,17030706147882;0,681746990476427;1,78871091569488
"Oberösterreich";2020-05-26;1,26769002302702;0,763232205003562;1,89804957203209
"Oberösterreich";2020-05-27;1,2240590146788;0,736963487806733;1,83272302120469
"Oberösterreich";2020-05-28;1,17881239952024;0,709722069771467;1,76497750220743
"Oberösterreich";2020-05-29;1,13952813694205;0,686070377476929;1,70615911883317
"Oberösterreich";2020-05-30;1,16745452491901;0,713111553437079;1,73196861301785
"Oberösterreich";2020-05-31;1,13885145136094;0,695640053020831;1,68953473265591
"Oberösterreich";2020-06-01;0,779075651464605;0,425927908305254;1,23708287016112
"Oberösterreich";2020-06-02;NA;NA;NA
"Oberösterreich";2020-06-03;0,825227248250401;0,451159415729426;1,3103663179328
"Oberösterreich";2020-06-04;NA;NA;NA
"Oberösterreich";2020-06-05;1,40973420846091;0,872647694064665;2,07354299872706
"Oberösterreich";2020-06-06;1,56645343483533;0,992997105746548;2,26851500685285
"Oberösterreich";2020-06-07;1,5493855965581;0,992720586986798;2,22797083874384
"Oberösterreich";2020-06-08;1,3611265643613;0,862837483009894;1,97116362913416
"Oberösterreich";2020-06-09;1,52615064054693;1,01411601729368;2,14116658970223
"Oberösterreich";2020-06-10;1,75343489333549;1,2213316491889;2,38024238336148
"Oberösterreich";2020-06-11;1,57384078761949;1,09623777421674;2,13644804354772
"Oberösterreich";2020-06-12;1,44657524500932;1,01316351746131;1,95595165292039
"Salzburg";2020-03-12;NA;NA;NA
"Salzburg";2020-03-13;2,25270103003781;1,41175574216792;3,28697041779879
"Salzburg";2020-03-14;3,2325314897383;2,29864588900285;4,32313530698201
"Salzburg";2020-03-15;3,35726422475624;2,51482128439698;4,31953734294454
"Salzburg";2020-03-16;2,58545316270025;1,95302353391408;3,30522762469186
"Salzburg";2020-03-17;2,19091037423322;1,683555687543;2,76406650390631
"Salzburg";2020-03-18;2,40244592986002;1,92426070433105;2,93289771742402
"Salzburg";2020-03-19;3,03668781753972;2,54949967651112;3,56584229983339
"Salzburg";2020-03-20;2,94088137207999;2,51896716340759;3,39498407085627
"Salzburg";2020-03-21;2,59884023418384;2,25442971420433;2,96737457863796
"Salzburg";2020-03-22;3,3642221548184;3,01903699379278;3,72782217177038
"Salzburg";2020-03-23;2,84662577259322;2,57346156777627;3,13337033626407
"Salzburg";2020-03-24;2,57359888910343;2,34939598107711;2,80787299290414
"Salzburg";2020-03-25;2,20316805481876;2,021568058852;2,39246716554969
"Salzburg";2020-03-26;2,13311412003778;1,97345813891779;2,29889181356398
"Salzburg";2020-03-27;1,82623888602505;1,69278309977669;1,96468615272743
"Salzburg";2020-03-28;1,64517008500964;1,52898657557843;1,76554761011432
"Salzburg";2020-03-29;1,52755072281746;1,42326232472605;1,63547402898511
"Salzburg";2020-03-30;1,44566598506422;1,34998942968819;1,54457166931654
"Salzburg";2020-03-31;1,33113456772226;1,24379383966082;1,42139692483561
"Salzburg";2020-04-01;1,21742606622692;1,13727178287829;1,30027111246405
"Salzburg";2020-04-02;1,14321977981892;1,06795117443629;1,22101513688059
"Salzburg";2020-04-03;1,08259394280244;1,01098758030088;1,1566156060411
"Salzburg";2020-04-04;0,884590891050629;0,820931352631731;0,950593810082299
"Salzburg";2020-04-05;0,82926737869469;0,767835213230632;0,893029986900579
"Salzburg";2020-04-06;0,749712123670606;0,690819646090051;0,810979205313923
"Salzburg";2020-04-07;0,729224533870129;0,670018440082973;0,790901462245653
"Salzburg";2020-04-08;0,620171141278993;0,56418758881326;0,678764929270246
"Salzburg";2020-04-09;0,615046548895586;0,557288378132317;0,675611669701184
"Salzburg";2020-04-10;0,580743019623597;0,522215798532755;0,64233398548381
"Salzburg";2020-04-11;0,553571362600857;0,493657024272015;0,616867604135005
"Salzburg";2020-04-12;0,519561155421445;0,458434766447235;0,584457415101303
"Salzburg";2020-04-13;0,501969579743862;0,438381402138839;0,569801410138858
"Salzburg";2020-04-14;0,463233535367799;0,39837613396667;0,532910489889868
"Salzburg";2020-04-15;0,437832793357454;0,370570471576424;0,510621720040858
"Salzburg";2020-04-16;0,446387975331056;0,373489127527966;0,525689349855997
"Salzburg";2020-04-17;0,497016522129472;0,414028036083406;0,587472964873401
"Salzburg";2020-04-18;0,546590060606715;0,452804544983633;0,64907121733818
"Salzburg";2020-04-19;0,593221266185922;0,488456555471645;0,708012930724064
"Salzburg";2020-04-20;0,517975180323527;0,414313284770418;0,633036839656658
"Salzburg";2020-04-21;0,52533014481373;0,414582335040788;0,648989674559497
"Salzburg";2020-04-22;0,480221608575237;0,368183153658794;0,606915314737998
"Salzburg";2020-04-23;0,486781293399838;0,366710288168616;0,623595923299395
"Salzburg";2020-04-24;0,508803895543413;0,377644058339818;0,659212418394219
"Salzburg";2020-04-25;0,480392131419841;0,344737687517512;0,638202668550809
"Salzburg";2020-04-26;0,567694907020636;0,40914455524577;0,751805523266729
"Salzburg";2020-04-27;0,604680672135769;0,429987069136608;0,808690146239345
"Salzburg";2020-04-28;0,597481237491006;0,413773125822444;0,814406804516461
"Salzburg";2020-04-29;0,552766302712509;0,367309193802826;0,775522879482653
"Salzburg";2020-04-30;0,554535390490381;0,358866066244227;0,792100516544062
"Salzburg";2020-05-01;0,525312261774365;0,32517656956184;0,772668745647396
"Salzburg";2020-05-02;0,482346287037585;0,280984487216394;0,737223671605295
"Salzburg";2020-05-03;0,519859096437126;0,297144391182627;0,80383923926171
"Salzburg";2020-05-04;0,523609162344974;0,286262001472899;0,831431356093165
"Salzburg";2020-05-05;0,646318608943703;0,361739619125718;1,01211861653863
"Salzburg";2020-05-06;NA;NA;NA
"Salzburg";2020-05-07;NA;NA;NA
"Salzburg";2020-05-08;NA;NA;NA
"Salzburg";2020-05-09;NA;NA;NA
"Salzburg";2020-05-10;NA;NA;NA
"Salzburg";2020-05-11;NA;NA;NA
"Salzburg";2020-05-12;NA;NA;NA
"Salzburg";2020-05-13;NA;NA;NA
"Salzburg";2020-05-14;NA;NA;NA
"Salzburg";2020-05-15;NA;NA;NA
"Salzburg";2020-05-16;NA;NA;NA
"Salzburg";2020-05-17;NA;NA;NA
"Salzburg";2020-05-18;NA;NA;NA
"Salzburg";2020-05-19;NA;NA;NA
"Salzburg";2020-05-20;NA;NA;NA
"Salzburg";2020-05-21;NA;NA;NA
"Salzburg";2020-05-22;NA;NA;NA
"Salzburg";2020-05-23;NA;NA;NA
"Salzburg";2020-05-24;NA;NA;NA
"Salzburg";2020-05-25;NA;NA;NA
"Salzburg";2020-05-26;NA;NA;NA
"Salzburg";2020-05-27;NA;NA;NA
"Salzburg";2020-05-28;NA;NA;NA
"Salzburg";2020-05-29;NA;NA;NA
"Salzburg";2020-05-30;NA;NA;NA
"Salzburg";2020-05-31;NA;NA;NA
"Salzburg";2020-06-01;NA;NA;NA
"Salzburg";2020-06-02;NA;NA;NA
"Salzburg";2020-06-03;NA;NA;NA
"Salzburg";2020-06-04;NA;NA;NA
"Salzburg";2020-06-05;NA;NA;NA
"Salzburg";2020-06-06;NA;NA;NA
"Salzburg";2020-06-07;NA;NA;NA
"Salzburg";2020-06-08;NA;NA;NA
"Salzburg";2020-06-09;NA;NA;NA
"Salzburg";2020-06-10;NA;NA;NA
"Salzburg";2020-06-11;NA;NA;NA
"Salzburg";2020-06-12;NA;NA;NA
"Steiermark";2020-03-12;3,10527595702579;2,19747808383489;4,16757665462741
"Steiermark";2020-03-13;3,76530155081526;2,88683510841707;4,75867627568136
"Steiermark";2020-03-14;3,53364874230998;2,81041571086644;4,33844173283427
"Steiermark";2020-03-15;3,38567519253538;2,78775448008522;4,04082245897681
"Steiermark";2020-03-16;3,10803822166131;2,62275237694099;3,63390784892049
"Steiermark";2020-03-17;2,92099666234874;2,51835973955126;3,3530545477239
"Steiermark";2020-03-18;2,67090412350589;2,33824827654321;3,02536143154816
"Steiermark";2020-03-19;2,54419246549412;2,26024407366848;2,84469854289679
"Steiermark";2020-03-20;2,33636404839093;2,09630428680819;2,5892495051853
"Steiermark";2020-03-21;2,1651489374748;1,95914223433105;2,38130594702436
"Steiermark";2020-03-22;1,89534668075942;1,72178611603718;2,07712183394589
"Steiermark";2020-03-23;1,75320690537183;1,60062761566236;1,912632828991
"Steiermark";2020-03-24;1,72686440158884;1,58653652960339;1,87305390013237
"Steiermark";2020-03-25;1,59991762480374;1,47392861718282;1,73099968606098
"Steiermark";2020-03-26;1,61180257308263;1,49291800052394;1,73517673989107
"Steiermark";2020-03-27;1,53732661939291;1,42781444518478;1,65082767016162
"Steiermark";2020-03-28;1,42913276218117;1,32919145550993;1,53264525313251
"Steiermark";2020-03-29;1,3391266627093;1,24695990832304;1,43453285830965
"Steiermark";2020-03-30;1,27482094756923;1,1884766532937;1,36415002070776
"Steiermark";2020-03-31;1,21502592436813;1,1335195941581;1,29932186679385
"Steiermark";2020-04-01;1,15126873254638;1,07408531368108;1,23109218193842
"Steiermark";2020-04-02;1,08682296822312;1,01343435207177;1,16274056866398
"Steiermark";2020-04-03;1,0542313161926;0,983043478190542;1,127872299292
"Steiermark";2020-04-04;1,05747367593335;0,98687183077629;1,13048008967011
"Steiermark";2020-04-05;1,01085444755824;0,942347130810828;1,08173143887975
"Steiermark";2020-04-06;0,951002943947207;0,884882238661445;1,0194721779383
"Steiermark";2020-04-07;0,946300148366585;0,880337287222053;1,01461217456668
"Steiermark";2020-04-08;0,864750912348608;0,801512861509412;0,930355917595962
"Steiermark";2020-04-09;0,834570800083555;0,771919709338165;0,899631584434996
"Steiermark";2020-04-10;0,821059271468623;0,75804130147173;0,886557558771625
"Steiermark";2020-04-11;0,806985249645189;0,743385062231184;0,873158655506113
"Steiermark";2020-04-12;0,782185784088756;0,718286900323331;0,84876855555454
"Steiermark";2020-04-13;0,759093063174162;0,694694982796664;0,826304748223083
"Steiermark";2020-04-14;0,734461251042291;0,669485962454719;0,80240259680256
"Steiermark";2020-04-15;0,737437431558684;0,670430532918881;0,80759006368524
"Steiermark";2020-04-16;0,71271160053222;0,644817496496573;0,783955214968969
"Steiermark";2020-04-17;0,676787505636183;0,608488278949692;0,748667136831112
"Steiermark";2020-04-18;0,695476786755418;0,623712852325913;0,771092091091184
"Steiermark";2020-04-19;0,676115243503107;0,602707337743879;0,753680518588108
"Steiermark";2020-04-20;0,648538547314307;0,573881505951319;0,727694513236645
"Steiermark";2020-04-21;0,622377100308088;0,546274363686965;0,703370377787282
"Steiermark";2020-04-22;0,630009164968076;0,550028649086191;0,71533965692256
"Steiermark";2020-04-23;0,626939766091804;0,543459260979858;0,716297460409312
"Steiermark";2020-04-24;0,632057402343543;0,54425615943492;0,726328071331015
"Steiermark";2020-04-25;0,658475870123251;0,564527771826561;0,75954877518658
"Steiermark";2020-04-26;0,694390790123861;0,593356770138378;0,803251145865317
"Steiermark";2020-04-27;0,712887669831299;0,606062891117136;0,828255558593156
"Steiermark";2020-04-28;0,69930585804924;0,589389037232189;0,818481640274813
"Steiermark";2020-04-29;0,676059986882178;0,564020652213133;0,798098876458347
"Steiermark";2020-04-30;0,696882913989108;0,578719140701607;0,825860860430575
"Steiermark";2020-05-01;0,729381958220777;0,603728725622507;0,86673712386737
"Steiermark";2020-05-02;0,753180482143475;0,620727318727087;0,898251729855626
"Steiermark";2020-05-03;0,750239470753251;0,613621558495884;0,900383159730922
"Steiermark";2020-05-04;0,778044653001194;0,634402432036741;0,936126207264778
"Steiermark";2020-05-05;0,729791674327135;0,586838687510069;0,888092881667791
"Steiermark";2020-05-06;0,759312217255757;0,608990601832096;0,925965532755413
"Steiermark";2020-05-07;0,771720538071587;0,615554524496347;0,945274862685991
"Steiermark";2020-05-08;0,693175923634153;0,541376147321604;0,863451063177207
"Steiermark";2020-05-09;0,792588297027125;0,624469430278941;0,980443710786934
"Steiermark";2020-05-10;0,733827386693553;0,567542047706794;0,921151679545115
"Steiermark";2020-05-11;0,734464598933927;0,563109796513598;0,928233559810886
"Steiermark";2020-05-12;0,733626003254482;0,557072981923935;0,934109690835411
"Steiermark";2020-05-13;0,676415158450097;0,502048368334221;0,876371577234419
"Steiermark";2020-05-14;0,684190233616408;0,502717248894777;0,893196574625045
"Steiermark";2020-05-15;0,74038769000315;0,544009026066602;0,966561222468617
"Steiermark";2020-05-16;0,816410890288563;0,601956942061838;1,06303563149865
"Steiermark";2020-05-17;0,835248212081382;0,611506667580682;1,09333156615597
"Steiermark";2020-05-18;0,862010780191662;0,628756578155951;1,13149347683127
"Steiermark";2020-05-19;0,80097822155771;0,572230584658357;1,06758950686194
"Steiermark";2020-05-20;0,816435285181435;0,580565299325547;1,09188733920718
"Steiermark";2020-05-21;0,745869491705558;0,516536305532526;1,01666989891944
"Steiermark";2020-05-22;0,439960911612247;0,264885208990902;0,658731712664646
"Steiermark";2020-05-23;0,480854424949498;0,2895057753658;0,719959547607545
"Steiermark";2020-05-24;0,571748413550491;0,34923878460316;0,848213172912149
"Steiermark";2020-05-25;0,619355886307066;0,372892702633507;0,927330935470828
"Steiermark";2020-05-26;0,701665989892574;0,422448761853435;1,0505697825443
"Steiermark";2020-05-27;0,741155886792451;0,439255950519242;1,12073668434077
"Steiermark";2020-05-28;0,72189810250208;0,412627139996227;1,11624481617574
"Steiermark";2020-05-29;0,734772111407071;0,411246372990856;1,15063456718955
"Steiermark";2020-05-30;0,741791853338882;0,4055445089274;1,17788047061344
"Steiermark";2020-05-31;NA;NA;NA
"Steiermark";2020-06-01;NA;NA;NA
"Steiermark";2020-06-02;NA;NA;NA
"Steiermark";2020-06-03;NA;NA;NA
"Steiermark";2020-06-04;NA;NA;NA
"Steiermark";2020-06-05;NA;NA;NA
"Steiermark";2020-06-06;NA;NA;NA
"Steiermark";2020-06-07;NA;NA;NA
"Steiermark";2020-06-08;NA;NA;NA
"Steiermark";2020-06-09;NA;NA;NA
"Steiermark";2020-06-10;NA;NA;NA
"Steiermark";2020-06-11;NA;NA;NA
"Steiermark";2020-06-12;NA;NA;NA
"Tirol";2020-03-12;NA;NA;NA
"Tirol";2020-03-13;NA;NA;NA
"Tirol";2020-03-14;NA;NA;NA
"Tirol";2020-03-15;NA;NA;NA
"Tirol";2020-03-16;NA;NA;NA
"Tirol";2020-03-17;2,29253965082026;2,07850415688334;2,51691330493482
"Tirol";2020-03-18;2,21387368135225;2,02605848161745;2,4098946803941
"Tirol";2020-03-19;2,2216508188927;2,05205980935952;2,39787906608295
"Tirol";2020-03-20;2,16136778276074;2,01022022941757;2,31791626375286
"Tirol";2020-03-21;2,19887268907302;2,06075062329643;2,34141153083874
"Tirol";2020-03-22;1,93603738138714;1,81874949595551;2,05693825905029
"Tirol";2020-03-23;1,93769182735228;1,83051631122767;2,04787337526693
"Tirol";2020-03-24;1,75610999507555;1,66239535372385;1,85235809208397
"Tirol";2020-03-25;1,6841892711362;1,59915548673321;1,77139474611208
"Tirol";2020-03-26;1,58697492973095;1,50989611057894;1,66594555497822
"Tirol";2020-03-27;1,47993637538406;1,40992407150433;1,55162131165448
"Tirol";2020-03-28;1,41777818068167;1,35279822209702;1,48426099179288
"Tirol";2020-03-29;1,3237168295286;1,26377285220862;1,38503023671761
"Tirol";2020-03-30;1,28391096549747;1,22713239884459;1,34195555455823
"Tirol";2020-03-31;1,23051228567346;1,17674164103645;1,28546732130809
"Tirol";2020-04-01;1,15818310027968;1,1074710472054;1,21001447608938
"Tirol";2020-04-02;1,09600066515764;1,04776734982653;1,14530412664612
"Tirol";2020-04-03;0,991034840495064;0,945924271713703;1,03718141844871
"Tirol";2020-04-04;0,976277806981227;0,93186317931682;1,02171189190869
"Tirol";2020-04-05;0,87805734883142;0,836032622536008;0,921098102083796
"Tirol";2020-04-06;0,835731134297587;0,794520521480574;0,877969038821357
"Tirol";2020-04-07;0,760390594690226;0,720611140300139;0,801223696918418
"Tirol";2020-04-08;0,710181925757685;0,670980158338299;0,750480938592574
"Tirol";2020-04-09;0,73252415790578;0,69159233503625;0,774616132427415
"Tirol";2020-04-10;0,77486403902331;0,731404877909232;0,819559712832571
"Tirol";2020-04-11;0,792759377504087;0,747422131802376;0,83941269164633
"Tirol";2020-04-12;0,733361811858751;0,688540727968815;0,779576186995379
"Tirol";2020-04-13;0,679858362197247;0,635477219201014;0,72571628668613
"Tirol";2020-04-14;0,639312354723572;0,594862667095087;0,685340842319292
"Tirol";2020-04-15;0,616549722835555;0,571204398849836;0,663602372746672
"Tirol";2020-04-16;0,623516321131708;0,575883004820859;0,673015350553478
"Tirol";2020-04-17;0,606412828603619;0,557220925483857;0,657655774233334
"Tirol";2020-04-18;0,627475532360708;0,57494221553031;0,682272597182938
"Tirol";2020-04-19;0,657392485074977;0,600915252282238;0,716369963910311
"Tirol";2020-04-20;0,675413052731443;0,615411087276049;0,738166073962655
"Tirol";2020-04-21;0,673789884759309;0,611173845310092;0,739415706096087
"Tirol";2020-04-22;0,561029976257024;0,501597401348339;0,623741953275252
"Tirol";2020-04-23;0,376730256550434;0,32608073609495;0,430982720077451
"Tirol";2020-04-24;0,33131895442504;0,281057514717682;0,385653937897348
"Tirol";2020-04-25;0,367157401129979;0,310018059085817;0,429058147780859
"Tirol";2020-04-26;0,39610005422493;0,331413639797382;0,466467717525326
"Tirol";2020-04-27;0,4432570288057;0,368389927387068;0,524946667967593
"Tirol";2020-04-28;0,456535288909102;0,373773687809371;0,547449992807619
"Tirol";2020-04-29;0,454007047764123;0,364604939670695;0,553064556312536
"Tirol";2020-04-30;0,528072114326641;0,423529277425294;0,643973013423865
"Tirol";2020-05-01;0,565634782981112;0,449195664582942;0,695290320938934
"Tirol";2020-05-02;0,616855253038341;0,486812519158766;0,762059238122757
"Tirol";2020-05-03;0,678671536995498;0,533818216067715;0,8406498329501
"Tirol";2020-05-04;0,683299053256113;0,530608451467311;0,855004384339384
"Tirol";2020-05-05;0,705101493141455;0,543014067946966;0,888035308245449
"Tirol";2020-05-06;0,742673903111492;0,569403822953616;0,938608670675825
"Tirol";2020-05-07;0,62014502851804;0,457245989050473;0,807480975392689
"Tirol";2020-05-08;0,504339248226605;0,353233009129622;0,681930089433475
"Tirol";2020-05-09;0,558328091869797;0,391046131480442;0,754929795689669
"Tirol";2020-05-10;0,57478267149556;0,395653943612609;0,786833098471438
"Tirol";2020-05-11;0,549752391555526;0,365306471726911;0,771294407074877
"Tirol";2020-05-12;0,554557266831397;0,358880223458678;0,792131764794968
"Tirol";2020-05-13;0,602645622948879;0,386126421910623;0,866586650224078
"Tirol";2020-05-14;0,764894997656051;0,504070623193701;1,07923919450988
"Tirol";2020-05-15;0,846112939671005;0,557593758750141;1,19383477506483
"Tirol";2020-05-16;0,843105816932688;0,545613631048328;1,20429564018109
"Tirol";2020-05-17;0,855081704114214;0,547866982315853;1,22958229748744
"Tirol";2020-05-18;0,746116554832688;0,455747375255383;1,10689575228883
"Tirol";2020-05-19;0,746681238203316;0,449550881932405;1,11796888740363
"Tirol";2020-05-20;0,794173700228808;0,478144446490254;1,18907700183604
"Tirol";2020-05-21;0,846078103930936;0,509394288145059;1,26679089832799
"Tirol";2020-05-22;0,895599848289861;0,539209613229367;1,34093735683076
"Tirol";2020-05-23;0,938033339877376;0,564757347109142;1,40447092504106
"Tirol";2020-05-24;0,971416008419969;0,584855894275923;1,45445314355633
"Tirol";2020-05-25;0,891122142622067;0,519111486956103;1,36200144064015
"Tirol";2020-05-26;0,8069704845344;0,451655254361702;1,26369539588114
"Tirol";2020-05-27;NA;NA;NA
"Tirol";2020-05-28;NA;NA;NA
"Tirol";2020-05-29;NA;NA;NA
"Tirol";2020-05-30;NA;NA;NA
"Tirol";2020-05-31;NA;NA;NA
"Tirol";2020-06-01;NA;NA;NA
"Tirol";2020-06-02;NA;NA;NA
"Tirol";2020-06-03;NA;NA;NA
"Tirol";2020-06-04;NA;NA;NA
"Tirol";2020-06-05;NA;NA;NA
"Tirol";2020-06-06;NA;NA;NA
"Tirol";2020-06-07;NA;NA;NA
"Tirol";2020-06-08;NA;NA;NA
"Tirol";2020-06-09;NA;NA;NA
"Tirol";2020-06-10;NA;NA;NA
"Tirol";2020-06-11;NA;NA;NA
"Tirol";2020-06-12;NA;NA;NA
"Vorarlberg";2020-03-12;NA;NA;NA
"Vorarlberg";2020-03-13;NA;NA;NA
"Vorarlberg";2020-03-14;NA;NA;NA
"Vorarlberg";2020-03-15;NA;NA;NA
"Vorarlberg";2020-03-16;NA;NA;NA
"Vorarlberg";2020-03-17;NA;NA;NA
"Vorarlberg";2020-03-18;2,97237436729992;2,50827093523557;3,47529012609366
"Vorarlberg";2020-03-19;2,82477341321711;2,43639303118262;3,24145509371726
"Vorarlberg";2020-03-20;2,50772341547052;2,19005165135966;2,84659548314153
"Vorarlberg";2020-03-21;2,21907590221609;1,95604195357562;2,4984617219645
"Vorarlberg";2020-03-22;2,06631750842208;1,83908646774989;2,3065928763763
"Vorarlberg";2020-03-23;1,98146398372553;1,77957040915487;2,19404909453754
"Vorarlberg";2020-03-24;1,86490754731017;1,68572961787392;2,05300482862047
"Vorarlberg";2020-03-25;1,65579971543944;1,50030585422543;1,81885031701673
"Vorarlberg";2020-03-26;1,55654611411653;1,41603493059828;1,70360863756943
"Vorarlberg";2020-03-27;1,51678444331068;1,38609062116186;1,65328197464238
"Vorarlberg";2020-03-28;1,46130857635677;1,33964342911213;1,58818613482069
"Vorarlberg";2020-03-29;1,28809922007941;1,17934161995401;1,40158494752095
"Vorarlberg";2020-03-30;1,19706457796219;1,09627936886286;1,30221836531124
"Vorarlberg";2020-03-31;1,13338266344766;1,03813836888938;1,23274725925954
"Vorarlberg";2020-04-01;1,02669578427826;0,937967273151055;1,11937671702555
"Vorarlberg";2020-04-02;0,980145145043668;0,89449855994463;1,06965122488096
"Vorarlberg";2020-04-03;0,939820583136555;0,856329329990681;1,02713986245547
"Vorarlberg";2020-04-04;0,868400706935407;0,788068065294556;0,952576199020267
"Vorarlberg";2020-04-05;0,808753939267792;0,730664523001258;0,890750871063127
"Vorarlberg";2020-04-06;0,774458186089613;0,696932037422654;0,856013924397278
"Vorarlberg";2020-04-07;0,815336918535695;0,734044118155108;0,900837333740252
"Vorarlberg";2020-04-08;0,775535553156146;0,694466189006748;0,861015680124157
"Vorarlberg";2020-04-09;0,665944231270239;0,589147070363246;0,747378039877379
"Vorarlberg";2020-04-10;0,65676826624501;0,578175629278141;0,740296476699067
"Vorarlberg";2020-04-11;0,657799667029004;0,576211170645756;0,744711626319941
"Vorarlberg";2020-04-12;0,656884789781685;0,572008672636702;0,747546599485897
"Vorarlberg";2020-04-13;0,609773816263138;0,524623989551388;0,701233169796052
"Vorarlberg";2020-04-14;0,646837423147905;0,555052484109152;0,745542188139788
"Vorarlberg";2020-04-15;0,634564937630737;0,539476662281254;0,737257718323778
"Vorarlberg";2020-04-16;0,626890249981487;0,528024430825782;0,734114654262768
"Vorarlberg";2020-04-17;0,665539872089367;0,558764611494313;0,781512743725074
"Vorarlberg";2020-04-18;0,618585577963139;0,51114923217615;0,736117283685366
"Vorarlberg";2020-04-19;0,568269625714825;0,46082838484972;0,686800306037396
"Vorarlberg";2020-04-20;0,51233999114705;0,405624395804439;0,631329527651264
"Vorarlberg";2020-04-21;0,516313828966629;0,403245384042428;0,643143694629565
"Vorarlberg";2020-04-22;0,535624240825838;0,413383481046503;0,673457425523966
"Vorarlberg";2020-04-23;0,412483174451619;0,299710906013392;0,542984580657806
"Vorarlberg";2020-04-24;0,410247068107179;0,290315242058714;0,550590713139194
"Vorarlberg";2020-04-25;0,416461140211956;0,286672686317296;0,570103146104418
"Vorarlberg";2020-04-26;0,476607997577605;0,325999517523356;0,655366164514441
"Vorarlberg";2020-04-27;0,421465187080927;0,270040697966298;0,606054521513561
"Vorarlberg";2020-04-28;0,434886486890173;0,269201589694642;0,639663721515725
"Vorarlberg";2020-04-29;0,464910070209601;0,279906232256332;0,696086853856965
"Vorarlberg";2020-04-30;0,519570734303578;0,307930545821071;0,78566735071613
"Vorarlberg";2020-05-01;0,506691645509088;0,283591467620277;0,793466318573859
"Vorarlberg";2020-05-02;0,588850268402385;0,329575025175408;0,922124646817548
"Vorarlberg";2020-05-03;NA;NA;NA
"Vorarlberg";2020-05-04;NA;NA;NA
"Vorarlberg";2020-05-05;NA;NA;NA
"Vorarlberg";2020-05-06;NA;NA;NA
"Vorarlberg";2020-05-07;NA;NA;NA
"Vorarlberg";2020-05-08;NA;NA;NA
"Vorarlberg";2020-05-09;NA;NA;NA
"Vorarlberg";2020-05-10;NA;NA;NA
"Vorarlberg";2020-05-11;NA;NA;NA
"Vorarlberg";2020-05-12;NA;NA;NA
"Vorarlberg";2020-05-13;NA;NA;NA
"Vorarlberg";2020-05-14;NA;NA;NA
"Vorarlberg";2020-05-15;NA;NA;NA
"Vorarlberg";2020-05-16;NA;NA;NA
"Vorarlberg";2020-05-17;NA;NA;NA
"Vorarlberg";2020-05-18;NA;NA;NA
"Vorarlberg";2020-05-19;NA;NA;NA
"Vorarlberg";2020-05-20;NA;NA;NA
"Vorarlberg";2020-05-21;2,40006085511686;1,31213560313877;3,81102164549448
"Vorarlberg";2020-05-22;1,99687760172611;1,11763723509313;3,12705988608174
"Vorarlberg";2020-05-23;1,64180146816327;0,918903818573414;2,57101962962858
"Vorarlberg";2020-05-24;1,42137736948548;0,79553412381536;2,22584105869101
"Vorarlberg";2020-05-25;1,28441730553541;0,718878615706593;2,01136505795705
"Vorarlberg";2020-05-26;1,19879686954384;0,670957507639496;1,87728561784183
"Vorarlberg";2020-05-27;1,06869422889464;0,584265079617455;1,6969639874128
"Vorarlberg";2020-05-28;1,04360956964592;0,570551062982138;1,65713242265773
"Vorarlberg";2020-05-29;NA;NA;NA
"Vorarlberg";2020-05-30;NA;NA;NA
"Vorarlberg";2020-05-31;NA;NA;NA
"Vorarlberg";2020-06-01;NA;NA;NA
"Vorarlberg";2020-06-02;NA;NA;NA
"Vorarlberg";2020-06-03;NA;NA;NA
"Vorarlberg";2020-06-04;NA;NA;NA
"Vorarlberg";2020-06-05;NA;NA;NA
"Vorarlberg";2020-06-06;NA;NA;NA
"Vorarlberg";2020-06-07;NA;NA;NA
"Vorarlberg";2020-06-08;NA;NA;NA
"Vorarlberg";2020-06-09;NA;NA;NA
"Vorarlberg";2020-06-10;NA;NA;NA
"Vorarlberg";2020-06-11;NA;NA;NA
"Vorarlberg";2020-06-12;NA;NA;NA
"Wien";2020-03-12;1,85222766562921;1,42330259501643;2,33678223828123
"Wien";2020-03-13;1,95911301641397;1,55104822447375;2,41411155997986
"Wien";2020-03-14;1,91430723949482;1,54128077637188;2,3271513623402
"Wien";2020-03-15;2,05619702216896;1,69760152288262;2,44864141954042
"Wien";2020-03-16;1,9886160547588;1,66385860803965;2,3418961502358
"Wien";2020-03-17;2,27867604859134;1,95793847739072;2,62338462989198
"Wien";2020-03-18;2,41065886445275;2,10978869082739;2,73129138317492
"Wien";2020-03-19;2,26106867237383;1,99891563711298;2,539139957973
"Wien";2020-03-20;2,22628950589005;1,99219681385066;2,47319785343602
"Wien";2020-03-21;1,90334187381854;1,70832392333769;2,10874819277839
"Wien";2020-03-22;1,94744872221134;1,767091518823;2,13644396277165
"Wien";2020-03-23;2,06940820069005;1,8982143369204;2,24788750662918
"Wien";2020-03-24;2,04527020182159;1,88914330944706;2,20750739032681
"Wien";2020-03-25;1,90136982934729;1,76368476926831;2,04415603539908
"Wien";2020-03-26;2,00575388031143;1,87569512540684;2,14011037527908
"Wien";2020-03-27;1,87944721547682;1,76377832493667;1,99873765984353
"Wien";2020-03-28;1,62687370162454;1,52778538188867;1,72903131981168
"Wien";2020-03-29;1,39905075414239;1,31346002732221;1,48730483623365
"Wien";2020-03-30;1,43811605540546;1,35583586602605;1,52278577095214
"Wien";2020-03-31;1,38517415536711;1,30799599751388;1,46453334952717
"Wien";2020-04-01;1,33973165739378;1,26688350612605;1,41458749628538
"Wien";2020-04-02;1,23000841940082;1,162784728775;1,2990945226804
"Wien";2020-04-03;1,20029003413233;1,1358971530263;1,26643317742911
"Wien";2020-04-04;1,07454356301824;1,01515749935079;1,13559389037246
"Wien";2020-04-05;0,955009795867063;0,900012290930391;1,01161526970713
"Wien";2020-04-06;0,905854888390325;0,852652897000354;0,960644161993226
"Wien";2020-04-07;0,889265429724381;0,836407876025026;0,94371959564256
"Wien";2020-04-08;0,794557448341478;0,744198756643755;0,846541429386346
"Wien";2020-04-09;0,747432390538813;0,697851008814632;0,79869119513716
"Wien";2020-04-10;0,78012521651988;0,728284499528476;0,833722972025973
"Wien";2020-04-11;0,837351257579311;0,782189126484799;0,89436626965936
"Wien";2020-04-12;0,695690979786969;0,644266281578053;0,749062076046967
"Wien";2020-04-13;0,631447535054507;0,581139653448113;0,68381394792163
"Wien";2020-04-14;0,608692464826183;0,557540734448588;0,662057036820963
"Wien";2020-04-15;0,629724140619711;0,575410270514823;0,68645241638772
"Wien";2020-04-16;0,642992847198229;0,585507605479767;0,703131322440241
"Wien";2020-04-17;0,737939114309929;0,673325470864079;0,805470654250029
"Wien";2020-04-18;0,803618703159349;0,733254182095967;0,877160825397668
"Wien";2020-04-19;0,763562644686636;0,692685413550709;0,837842643596432
"Wien";2020-04-20;0,749358061545492;0,677093397084094;0,825234057931361
"Wien";2020-04-21;0,725960641018975;0,652798403153929;0,802952727959319
"Wien";2020-04-22;0,755340717579137;0,678378209684298;0,836378874954814
"Wien";2020-04-23;0,760894147365785;0,681238926275905;0,844889891868257
"Wien";2020-04-24;0,818810109571394;0,733589504726038;0,908646025557378
"Wien";2020-04-25;0,87273254775337;0,782291510540505;0,968049311784228
"Wien";2020-04-26;0,893052392366738;0,799562008710755;0,991637196621379
"Wien";2020-04-27;0,895999781008009;0,800796248183087;0,996473246266473
"Wien";2020-04-28;0,924315655722338;0,826251310374227;1,02779964935019
"Wien";2020-04-29;0,940089382381015;0,840050081142427;1,04567515565552
"Wien";2020-04-30;0,975549040605821;0,872666333344307;1,0840818442347
"Wien";2020-05-01;0,991067353665766;0,88670305680652;1,10115412837393
"Wien";2020-05-02;1,00739824227982;0,901782652538134;1,11877789680616
"Wien";2020-05-03;0,979646355757181;0,875397612257217;1,08967495510823
"Wien";2020-05-04;0,945363456808434;0,842883872988794;1,0536371842551
"Wien";2020-05-05;0,964043022200294;0,860189242751767;1,07372994027877
"Wien";2020-05-06;0,963356467153545;0,859090117403923;1,07350819780295
"Wien";2020-05-07;0,947124474250215;0,843305435274321;1,05688296955136
"Wien";2020-05-08;0,998237296833621;0,891032028177844;1,11144426286894
"Wien";2020-05-09;0,986518462263272;0,879577580727149;1,09950572693373
"Wien";2020-05-10;0,898104958595228;0,795979866791139;1,00630450784288
"Wien";2020-05-11;1,01525968172023;0,905888468361198;1,13077393053774
"Wien";2020-05-12;1,01763358448111;0,90766481784423;1,13379933860377
"Wien";2020-05-13;1,04935268602886;0,937516760055572;1,16739907398936
"Wien";2020-05-14;1,08417473059759;0,970676449444041;1,20385769041872
"Wien";2020-05-15;1,17880141508938;1,06095648513899;1,30276297559608
"Wien";2020-05-16;1,15800589620879;1,04254743968616;1,27944033966928
"Wien";2020-05-17;1,1167637243961;1,0051207104092;1,2342014643083
"Wien";2020-05-18;1,11087893653582;1,00113347867737;1,22624990125801
"Wien";2020-05-19;1,1138074642613;1,00531528325582;1,22777885991012
"Wien";2020-05-20;1,06690406126228;0,962047594341784;1,1771061838736
"Wien";2020-05-21;1,00668206422251;0,905909440505616;1,1126925635153
"Wien";2020-05-22;1,03061817278575;0,929197162618943;1,13721672507213
"Wien";2020-05-23;1,04520069100541;0,943391261463817;1,15215183409727
"Wien";2020-05-24;0,924440383559233;0,829185811577394;1,024799344441
"Wien";2020-05-25;0,898875470132226;0,804912965748576;0,997950217901866
"Wien";2020-05-26;0,836947433872893;0,745789600036661;0,933285207212993
"Wien";2020-05-27;0,864089303725954;0,77027247769668;0,963219333976786
"Wien";2020-05-28;0,770159336594412;0,68037898788821;0,865422852544179
"Wien";2020-05-29;0,904913132741279;0,80540066574014;1,01013816957604
"Wien";2020-05-30;0,971324724089335;0,866195951038588;1,08238755807552
"Wien";2020-05-31;0,885980978862904;0,784529357963503;0,993511879476425
"Wien";2020-06-01;0,848907210117744;0,748660548796432;0,955360986850628
"Wien";2020-06-02;0,85509272178819;0,753158195593058;0,963402633845889
"Wien";2020-06-03;0,959122026989038;0,849295194811173;1,07553000619054
"Wien";2020-06-04;0,944213649366239;0,833942140707013;1,06123286944115
"Wien";2020-06-05;1,06621159109664;0,947806115571847;1,1914852174691
"Wien";2020-06-06;1,10356540968832;0,982792058733295;1,23123642996201
"Wien";2020-06-07;1,09963183057662;0,9796727057171;1,22641897976605
"Wien";2020-06-08;1,08370031444043;0,965666888213288;1,2084408549282
"Wien";2020-06-09;0,955404640484854;0,845810839178466;1,07157791389792
"Wien";2020-06-10;0,989171653534841;0,878029992207684;1,10684057504088
"Wien";2020-06-11;0,91016507964022;0,803675161135764;1,02318401657577
"Wien";2020-06-12;0,901328273959704;0,794891258062019;1,01435570227644
